{"QRNN-ASGNN-PF": -31598.333333333332, "QRNN-basic-PF": -31032.666666666668, "QRNN-random-PF": -31767.0, "QRNN-RS": -37135.833333333336, "50NN-ASGNN-PF": -32799.333333333336, "50NN-basic-PF": -59800.0, "50NN-random-PF": -33033.333333333336, "50NN-RS": -37649.333333333336, "MSENN-ASGNN-PF": -33130.5, "MSENN-basic-PF": -31076.166666666668, "MSENN-random-PF": -33232.666666666664, "MSENN-RS": -37765.666666666664, "QRNN-ASGNN-CEM": -26797.333333333332, "QRNN-basic-CEM": -26957.666666666668, "QRNN-random-CEM": -27614.0, "50NN-ASGNN-CEM": -26756.166666666668, "50NN-basic-CEM": -59800.0, "50NN-random-CEM": -27966.166666666668, "MSENN-ASGNN-CEM": -27273.833333333332, "MSENN-basic-CEM": -26728.333333333332, "MSENN-random-CEM": -28454.166666666668, "DQN": -49487.666666666664, "IV-DQN": -40623.166666666664, "QR-DQN": -30607.833333333332, "A2C": -37291.5, "PPO": -44212.166666666664}