{"QRNN-ASNN-PF": -28689.0, "QRNN-basic-PF": -31032.666666666668, "QRNN-rnd-PF": -31767.0, "QRNN-RS": -37135.833333333336, "50NN-ASNN-PF": -29807.5, "50NN-basic-PF": -59800.0, "50NN-rnd-PF": -33033.333333333336, "50NN-RS": -37649.333333333336, "MSENN-ASNN-PF": -29086.0, "MSENN-basic-PF": -31076.166666666668, "MSENN-rnd-PF": -33232.666666666664, "MSENN-RS": -37765.666666666664, "QRNN-ASNN-CEM": -26047.0, "QRNN-basic-CEM": -26957.666666666668, "QRNN-rnd-CEM": -27614.0, "50NN-ASNN-CEM": -27760.5, "50NN-basic-CEM": -59800.0, "50NN-rnd-CEM": -27966.166666666668, "MSENN-ASNN-CEM": -26731.0, "MSENN-basic-CEM": -26728.333333333332, "MSENN-rnd-CEM": -28454.166666666668, "DQN": -49487.666666666664, "IV-DQN": -40623.166666666664, "QR-DQN": -30390.833333333332, "A2C": -41984.333333333336, "PPO": -36909.666666666664}