{"QRNN-ASNN-PF": 1296.9350407788356, "QRNN-basic-PF": 1241.4830736752806, "QRNN-rnd-PF": 1423.2401999194187, "QRNN-RS": 798.0580945158204, "50NN-ASNN-PF": 866.1536622716934, "50NN-basic-PF": 0.0, "50NN-rnd-PF": 1182.2831255198093, "50NN-RS": 760.0931229497841, "MSENN-ASNN-PF": 1516.731738530801, "MSENN-basic-PF": 2093.7761872325855, "MSENN-rnd-PF": 1052.7315527817252, "MSENN-RS": 890.6037590059653, "QRNN-ASNN-CEM": 599.2624633664285, "QRNN-basic-CEM": 1256.6783155958763, "QRNN-rnd-CEM": 573.1650431303942, "50NN-ASNN-CEM": 366.95662777318336, "50NN-basic-CEM": 0.0, "50NN-rnd-CEM": 48.23610911155897, "MSENN-ASNN-CEM": 1156.8688343974004, "MSENN-basic-CEM": 1303.2401501215686, "MSENN-rnd-CEM": 180.72277726457787, "DQN": 1451.680195114919, "IV-DQN": 327.55287953075435, "QR-DQN": 2202.6219350784845, "A2C": 7789.174863588283, "PPO": 1895.6452873772446}