{"QRNN-ASNN-PF": 19305.333333333332, "QRNN-basic-PF": 19243.666666666668, "QRNN-rnd-PF": 19424.0, "QRNN-RS": 19418.666666666668, "50NN-ASNN-PF": 19218.166666666668, "50NN-basic-PF": 858.0, "50NN-rnd-PF": 18773.666666666668, "50NN-RS": 19245.833333333332, "MSENN-ASNN-PF": 19183.0, "MSENN-basic-PF": 19366.0, "MSENN-rnd-PF": 19181.166666666668, "MSENN-RS": 19288.833333333332, "QRNN-ASNN-CEM": 19216.0, "QRNN-basic-CEM": 19053.5, "QRNN-rnd-CEM": 19197.0, "50NN-ASNN-CEM": 19399.833333333332, "50NN-basic-CEM": 1058.6666666666667, "50NN-rnd-CEM": 19591.666666666668, "MSENN-ASNN-CEM": 19162.666666666668, "MSENN-basic-CEM": 19203.333333333332, "MSENN-rnd-CEM": 19061.666666666668, "DQN": 1404.5, "IV-DQN": 1544.3333333333333, "QR-DQN": 10547.5, "A2C": 3957.0, "PPO": 5508.666666666667}