{"QRNN-ASNN-PF": 748.5993959091575, "QRNN-basic-PF": 786.7741452002318, "QRNN-rnd-PF": 531.7442994522837, "QRNN-RS": 539.2867717849402, "50NN-ASNN-PF": 736.3475553176111, "50NN-basic-PF": 46.66904755831214, "50NN-rnd-PF": 1451.4545195155865, "50NN-RS": 783.7100158150903, "MSENN-ASNN-PF": 627.2037149124676, "MSENN-basic-PF": 613.7686860699232, "MSENN-rnd-PF": 875.1624928485503, "MSENN-RS": 701.7925065304005, "QRNN-ASNN-CEM": 1017.0552536066509, "QRNN-basic-CEM": 1055.7104243115155, "QRNN-rnd-CEM": 852.7707781109763, "50NN-ASNN-CEM": 548.7148622007609, "50NN-basic-CEM": 50.16195991209098, "50NN-rnd-CEM": 294.6278254943948, "MSENN-ASNN-CEM": 1073.2782335753702, "MSENN-basic-CEM": 800.0269092696543, "MSENN-rnd-CEM": 1044.1610135521353, "DQN": 61.16098974564315, "IV-DQN": 69.45782093392283, "QR-DQN": 6403.469879682421, "A2C": 2337.6062899185285, "PPO": 282.73554585316805}