{"QRNN-ASNN-PF": 751.8902106616955, "QRNN-basic-PF": 728.8686819692252, "QRNN-rnd-PF": 594.9175479752541, "QRNN-RS": 566.62823399082, "50NN-ASNN-PF": 814.1156074061116, "50NN-basic-PF": 1679.525131299519, "50NN-rnd-PF": 331.528530697837, "50NN-RS": 301.96835742986195, "MSENN-ASNN-PF": 10088.765379811788, "MSENN-basic-PF": 844.5200148934041, "MSENN-rnd-PF": 805.1965943516873, "MSENN-RS": 607.1959229844094, "QRNN-ASNN-CEM": 2974.4936824049005, "QRNN-basic-CEM": 3068.1656934106772, "QRNN-rnd-CEM": 624.2115471180869, "50NN-ASNN-CEM": 2640.052219601389, "50NN-basic-CEM": 149.5866527022604, "50NN-rnd-CEM": 246.56878688647245, "MSENN-ASNN-CEM": 19070.95173876286, "MSENN-basic-CEM": 2727.1293311628783, "MSENN-rnd-CEM": 1453.3743686867315, "MPPI": 2603.670944817891, "CEM": 218.04166268552132, "iCEM": 753.0240146679697, "GP-MPC": 209.09700035044872, "PETS-CEM": 46.46205142072638}