{"QRNN-ASNN-PF": 59045.166666666664, "QRNN-basic-PF": 59271.666666666664, "QRNN-rnd-PF": 59376.333333333336, "QRNN-RS": 59399.333333333336, "50NN-ASNN-PF": 59102.0, "50NN-basic-PF": 9397.0, "50NN-rnd-PF": 59481.5, "50NN-RS": 59548.666666666664, "MSENN-ASNN-PF": 59268.166666666664, "MSENN-basic-PF": 58758.333333333336, "MSENN-rnd-PF": 59156.333333333336, "MSENN-RS": 59256.666666666664, "QRNN-ASNN-CEM": 18070.666666666668, "QRNN-basic-CEM": 18510.833333333332, "QRNN-rnd-CEM": 59334.833333333336, "50NN-ASNN-CEM": 17865.333333333332, "50NN-basic-CEM": 2915.0, "50NN-rnd-CEM": 59533.5, "MSENN-ASNN-CEM": 17909.5, "MSENN-basic-CEM": 17630.666666666668, "MSENN-rnd-CEM": 58522.666666666664, "A2C": 13240.333333333334, "PPO": 39278.166666666664, "DDPG": 2816.5, "SAC": 2804.8333333333335, "TD3": 2927.5, "TQC": 2808.6666666666665, "MPPI": 12173.666666666666, "CEM": 13979.0, "iCEM": 22492.166666666668, "GP-MPC": 7440.166666666667, "PETS-CEM": 59690.333333333336}