{"QRNN-ASNN-PF": 59268.333333333336, "QRNN-rnd-PF": 59376.333333333336, "QRNN-RS": 59399.333333333336, "50NN-ASNN-PF": 59224.333333333336, "50NN-basic-PF": 9397.0, "50NN-rnd-PF": 59481.5, "50NN-RS": 59548.666666666664, "MSENN-ASNN-PF": 51915.333333333336, "MSENN-rnd-PF": 59156.333333333336, "MSENN-RS": 59256.666666666664, "QRNN-ASNN-CEM": 17810.0, "QRNN-basic-CEM": 18510.833333333332, "QRNN-rnd-CEM": 59334.833333333336, "50NN-ASNN-CEM": 17919.333333333332, "50NN-basic-CEM": 2915.0, "50NN-rnd-CEM": 59533.5, "MSENN-ASNN-CEM": 29566.666666666668, "MSENN-basic-CEM": 17630.666666666668, "MSENN-rnd-CEM": 58522.666666666664, "MPPI": 10778.666666666666, "CEM": 7759.5, "iCEM": 12382.5, "GP-MPC": 7440.166666666667, "PETS-CEM": 59690.333333333336}