{"QRNN-ASNN-PF": 924.3260908479334, "QRNN-basic-PF": 728.8686819692252, "QRNN-rnd-PF": 594.9175479752541, "QRNN-RS": 566.62823399082, "50NN-ASNN-PF": 745.3227488813152, "50NN-basic-PF": 1679.525131299519, "50NN-rnd-PF": 331.528530697837, "50NN-RS": 301.96835742986195, "MSENN-ASNN-PF": 416.49976657323054, "MSENN-basic-PF": 844.5200148934041, "MSENN-rnd-PF": 805.1965943516873, "MSENN-RS": 607.1959229844094, "QRNN-ASNN-CEM": 3188.993606488138, "QRNN-basic-CEM": 3068.1656934106772, "QRNN-rnd-CEM": 624.2115471180869, "50NN-ASNN-CEM": 2542.9458420413825, "50NN-basic-CEM": 149.5866527022604, "50NN-rnd-CEM": 246.56878688647245, "MSENN-ASNN-CEM": 3009.1261466855567, "MSENN-basic-CEM": 2727.1293311628783, "MSENN-rnd-CEM": 1453.3743686867315, "A2C": 2010.271181264414, "PPO": 11254.011620553605, "DDPG": 19.30457631409368, "SAC": 15.739193823770714, "TD3": 180.34180509983443, "TQC": 20.825998708878817, "MPPI": 3176.013678951791, "CEM": 9007.910532785429, "iCEM": 1382.9772433252674, "GP-MPC": 209.09700035044872, "PETS-CEM": 46.46205142072638}