{"QRNN-ASNN-PF": 133146.0, "QRNN-basic-PF": 181218.0, "QRNN-rnd-PF": 290150.6666666667, "QRNN-RS": 37620.833333333336, "50NN-ASNN-PF": 200374.5, "50NN-basic-PF": 162573.33333333334, "50NN-rnd-PF": 293743.1666666667, "50NN-RS": 37455.666666666664, "MSENN-ASNN-PF": 178113.0, "MSENN-basic-PF": 185951.16666666666, "MSENN-rnd-PF": 261737.0, "MSENN-RS": 35424.5, "QRNN-ASNN-CEM": 4290.333333333333, "QRNN-basic-CEM": 6889.833333333333, "QRNN-rnd-CEM": 265183.8333333333, "50NN-ASNN-CEM": 7374.166666666667, "50NN-basic-CEM": 6260.833333333333, "50NN-rnd-CEM": 254636.5, "MSENN-ASNN-CEM": 6960.666666666667, "MSENN-basic-CEM": 5995.833333333333, "MSENN-rnd-CEM": 172981.16666666666, "A2C": 27405.5, "PPO": 2305.5, "DDPG": 8890.833333333334, "SAC": 123590.33333333333, "TD3": 3149.0, "TQC": 116316.33333333333, "MPPI": 5678.166666666667, "CEM": 2240.5, "iCEM": 3676.8333333333335, "GP-MPC": 1557.3333333333333, "PETS-CEM": 3042.5}