{"QRNN-ASNN-PF": 15642.869706887757, "QRNN-basic-PF": 7624.331150992853, "QRNN-rnd-PF": 9457.548707543387, "QRNN-RS": 3684.210506411863, "50NN-ASNN-PF": 6575.469805775604, "50NN-basic-PF": 7780.514232505601, "50NN-rnd-PF": 5455.886673024733, "50NN-RS": 2708.1043903234026, "MSENN-ASNN-PF": 4146.383182968019, "MSENN-basic-PF": 36114.22578738498, "MSENN-rnd-PF": 29926.79899354423, "MSENN-RS": 4711.043355775873, "QRNN-ASNN-CEM": 795.5440835609859, "QRNN-basic-CEM": 637.6651855706792, "QRNN-rnd-CEM": 6636.043705066714, "50NN-ASNN-CEM": 663.7879095681759, "50NN-basic-CEM": 866.0302470981536, "50NN-rnd-CEM": 15829.314109166786, "MSENN-ASNN-CEM": 409.0978557210433, "MSENN-basic-CEM": 503.5037790876604, "MSENN-rnd-CEM": 17415.031899355094, "A2C": 1831.703351164338, "PPO": 109.27564535003518, "DDPG": 9974.044401456324, "SAC": 7457.223638116862, "TD3": 2200.290927733573, "TQC": 19573.502208910446, "MPPI": 963.5460837736592, "CEM": 497.67526226111204, "iCEM": 886.8543974194537, "GP-MPC": 21.060758665241753, "PETS-CEM": 276.05192748225227}