{"QRNN-ASNN-PF": 292971.3333333333, "QRNN-basic-PF": 294441.8333333333, "QRNN-rnd-PF": 290150.6666666667, "QRNN-RS": 37620.833333333336, "50NN-ASNN-PF": 292951.6666666667, "50NN-basic-PF": 289976.6666666667, "50NN-rnd-PF": 293743.1666666667, "50NN-RS": 37455.666666666664, "MSENN-ASNN-PF": 276293.6666666667, "MSENN-rnd-PF": 261737.0, "MSENN-RS": 35424.5, "QRNN-ASNN-CEM": 9932.333333333334, "QRNN-basic-CEM": 8949.5, "QRNN-rnd-CEM": 265183.8333333333, "50NN-ASNN-CEM": 9050.833333333334, "50NN-basic-CEM": 8620.666666666666, "50NN-rnd-CEM": 254636.5, "MSENN-ASNN-CEM": 8699.5, "MSENN-basic-CEM": 8433.166666666666, "MSENN-rnd-CEM": 172981.16666666666, "A2C": 21158.5, "PPO": 2310.3333333333335, "DDPG": 45362.0, "SAC": 117894.16666666667, "TD3": 71486.66666666667, "TQC": 124758.66666666667, "MPPI": 4110.5, "CEM": 3846.3333333333335, "iCEM": 3834.0, "GP-MPC": 1557.3333333333333, "PETS-CEM": 3042.5}