{"QRNN-ASNN-PF": -13065.216196372008, "QRNN-basic-PF": -58673.78973305078, "QRNN-rnd-PF": -20619.996400542925, "QRNN-RS": -87354.91752802026, "50NN-ASNN-PF": -18611.584208860597, "50NN-basic-PF": -201813.48614139645, "50NN-rnd-PF": -19939.482818369997, "50NN-RS": -93949.03228870853, "MSENN-ASNN-PF": -42396.40937413459, "MSENN-basic-PF": -40167.99459939075, "MSENN-rnd-PF": -36118.32232037079, "MSENN-RS": -104688.6919825573, "QRNN-ASNN-CEM": -59162.787836199066, "QRNN-basic-CEM": -61975.98308524017, "QRNN-rnd-CEM": -68251.90623343318, "50NN-ASNN-CEM": -52493.80413728442, "50NN-basic-CEM": -49145.8816394801, "50NN-rnd-CEM": -61049.320132772846, "MSENN-ASNN-CEM": -78923.4825163046, "MSENN-basic-CEM": -78450.4597741798, "MSENN-rnd-CEM": -85238.74695477047, "DQN": 13197.472939039779, "IV-DQN": 11476.937544859902, "QR-DQN": 24594.91853509889, "A2C": -15338.927024999999, "PPO": -42493.162044666664}