{"QRNN-ASNN-PF": 4205.252392438715, "QRNN-basic-PF": 26956.095624765894, "QRNN-rnd-PF": 5954.578689138661, "QRNN-RS": 18649.91196861201, "50NN-ASNN-PF": 8012.677798533777, "50NN-basic-PF": 36500.84614096219, "50NN-rnd-PF": 5912.821253452015, "50NN-RS": 21756.794846391946, "MSENN-ASNN-PF": 14629.246045503918, "MSENN-basic-PF": 16711.092062774045, "MSENN-rnd-PF": 9498.362879360306, "MSENN-RS": 19505.393583633337, "QRNN-ASNN-CEM": 4233.725148002898, "QRNN-basic-CEM": 13693.295118979266, "QRNN-rnd-CEM": 11171.776199901922, "50NN-ASNN-CEM": 2799.2552854507144, "50NN-basic-CEM": 3277.663470467117, "50NN-rnd-CEM": 3064.958237119052, "MSENN-ASNN-CEM": 11643.415770536065, "MSENN-basic-CEM": 12441.319699738639, "MSENN-rnd-CEM": 19606.38914813915, "DQN": 12051.692883258342, "IV-DQN": 14468.25236406061, "QR-DQN": 16502.779305751505, "A2C": 6400.9723771545805, "PPO": 5499.644204425407}