{"QRNN_ASNN": -31113.950151722, "QRNN_basic": -32717.455284587613, "QRNN_rnd": -28573.99490273601, "QRNN_RS": -24697.697684057395, "50NN_ASNN": -28158.6285801967, "50NN_basic": -55294.502984954954, "50NN_rnd": -29004.511435095425, "50NN_RS": -25529.62865846524, "MSENN_ASNN": -40777.64583329872, "MSENN_basic": -39033.16217364135, "MSENN_rnd": -45197.35633093454, "MSENN_RS": -43005.01816170712, "QRNN_ASNN_CEM": -31760.224719568458, "QRNN_basic_CEM": -24053.4254097545, "QRNN_rnd_CEM": -26484.401109544804, "50NN_ASNN_CEM": -30082.030885062562, "50NN_basic_CEM": -241166.17564978078, "50NN_rnd_CEM": -26906.451204206252, "MSENN_ASNN_CEM": -108650.17245996218, "MSENN_basic_CEM": -74216.87662409201, "MSENN_rnd_CEM": -56682.71411929871, "A2C": -173736.96515516666, "PPO": -29289.575630666663, "DDPG": -43258.08587466666, "SAC": 5774.241745500004, "TD3": -61906.60706399999, "TQC": 50448.076005999996, "MPPI": -39199.81840966839, "GP-MPC": -41935.80663563708, "CEM": -76178.51580299603, "iCEM": -97883.3951936807, "PETS-CEM": -176626.20205492797}