{"QRNN_ASNN": 1316.159074528938, "QRNN_basic": 7097.435106136172, "QRNN_rnd": 4056.6966821484966, "QRNN_RS": 2868.9302715855893, "50NN_ASNN": 2417.6252966961874, "50NN_basic": 16318.876677343267, "50NN_rnd": 3049.9544463910074, "50NN_RS": 4834.285718405452, "MSENN_ASNN": 842.8361569575226, "MSENN_basic": 1928.9580953739235, "MSENN_rnd": 6558.41647860565, "MSENN_RS": 10168.945508128294, "QRNN_ASNN_CEM": 4483.955587113581, "QRNN_basic_CEM": 3280.1394358803136, "QRNN_rnd_CEM": 4853.133085167056, "50NN_ASNN_CEM": 11660.140821607409, "50NN_basic_CEM": 104020.89323045427, "50NN_rnd_CEM": 3534.2743301697415, "MSENN_ASNN_CEM": 30791.401707905137, "MSENN_basic_CEM": 34473.952943539654, "MSENN_rnd_CEM": 28269.548576188256, "A2C": 59740.15041775983, "PPO": 7843.2586662280355, "DDPG": 5443.251612097063, "SAC": 28151.240151698203, "TD3": 23650.562340034503, "TQC": 4889.065675870341, "MPPI": 8640.329009151774, "GP-MPC": 2479.6370673974598, "CEM": 34314.74047051296, "iCEM": 14614.769101033073, "PETS-CEM": 60431.68720029255}