{"QRNN-ASNN-PF": -31113.950151722, "QRNN-basic-PF": -32717.455284587613, "QRNN-rnd-PF": -28573.99490273601, "QRNN-RS": -24697.697684057395, "50NN-ASNN-PF": -28158.6285801967, "50NN-basic-PF": -55294.502984954954, "50NN-rnd-PF": -29004.511435095425, "50NN-RS": -25529.62865846524, "MSENN-ASNN-PF": -40777.64583329872, "MSENN-basic-PF": -39033.16217364135, "MSENN-rnd-PF": -45197.35633093454, "MSENN-RS": -43005.01816170712, "QRNN-ASNN-CEM": -31760.224719568458, "QRNN-basic-CEM": -24053.4254097545, "QRNN-rnd-CEM": -26484.401109544804, "50NN-ASNN-CEM": -30082.030885062562, "50NN-basic-CEM": -241166.17564978078, "50NN-rnd-CEM": -26906.451204206252, "MSENN-ASNN-CEM": -108650.17245996218, "MSENN-basic-CEM": -74216.87662409201, "MSENN-rnd-CEM": -56682.71411929871, "A2C": -173736.96515516666, "PPO": -29289.575630666663, "DDPG": -43258.08587466666, "SAC": 5774.241745500004, "TD3": -61906.60706399999, "TQC": 50448.076005999996, "MPPI": -39199.81840966839, "GP-MPC": -41935.80663563708, "CEM": -76178.51580299603, "iCEM": -97883.3951936807, "PETS-CEM": -176626.20205492797}