{"QRNN-ASNN-PF": 1316.159074528938, "QRNN-basic-PF": 7097.435106136172, "QRNN-rnd-PF": 4056.6966821484966, "QRNN-RS": 2868.9302715855893, "50NN-ASNN-PF": 2417.6252966961874, "50NN-basic-PF": 16318.876677343267, "50NN-rnd-PF": 3049.9544463910074, "50NN-RS": 4834.285718405452, "MSENN-ASNN-PF": 842.8361569575226, "MSENN-basic-PF": 1928.9580953739235, "MSENN-rnd-PF": 6558.41647860565, "MSENN-RS": 10168.945508128294, "QRNN-ASNN-CEM": 4483.955587113581, "QRNN-basic-CEM": 3280.1394358803136, "QRNN-rnd-CEM": 4853.133085167056, "50NN-ASNN-CEM": 11660.140821607409, "50NN-basic-CEM": 104020.89323045427, "50NN-rnd-CEM": 3534.2743301697415, "MSENN-ASNN-CEM": 30791.401707905137, "MSENN-basic-CEM": 34473.952943539654, "MSENN-rnd-CEM": 28269.548576188256, "A2C": 59740.15041775983, "PPO": 7843.2586662280355, "DDPG": 5443.251612097063, "SAC": 28151.240151698203, "TD3": 23650.562340034503, "TQC": 4889.065675870341, "MPPI": 8640.329009151774, "GP-MPC": 2479.6370673974598, "CEM": 34314.74047051296, "iCEM": 14614.769101033073, "PETS-CEM": 60431.68720029255}