{"QRNN-ASNN-PF": -1251.8519309256808, "QRNN-basic-PF": -3259.5477335474784, "QRNN-rnd-PF": 19671.255512580363, "QRNN-RS": -6741.546960003299, "50NN-ASNN-PF": -107.67450134966809, "50NN-basic-PF": 3009.8766243931127, "50NN-rnd-PF": 17755.069183720185, "50NN-RS": -7477.435588752764, "MSENN-ASNN-PF": 4624.138702288573, "MSENN-basic-PF": 8272.692334605252, "MSENN-rnd-PF": 19758.46034733163, "MSENN-RS": -3657.4526076006027, "QRNN-ASNN-CEM": -28828.968965523523, "QRNN-basic-CEM": -27104.618257419206, "QRNN-rnd-CEM": 6364.5386051392525, "50NN-ASNN-CEM": -27745.673202717462, "50NN-basic-CEM": -25068.010610084224, "50NN-rnd-CEM": 1882.7345477015813, "MSENN-ASNN-CEM": -27160.30345401613, "MSENN-basic-CEM": -23263.883767049458, "MSENN-rnd-CEM": 4761.9494746891505, "A2C": 23869.0303295, "PPO": -5961.018247166667, "DDPG": -4.966690833333334, "SAC": 27223.340051333333, "TD3": -7.2770668333333335, "TQC": 27001.77496683333, "MPPI": -4647.974675971029, "GP-MPC": 26375.906690450996, "CEM": -13377.274118144805, "iCEM": -26390.417248671612}