{"QRNN-ASNN-PF": 9755.012572789825, "QRNN-basic-PF": 15340.319865569825, "QRNN-rnd-PF": 1699.08007184803, "QRNN-RS": 1859.3556756966163, "50NN-ASNN-PF": 9222.493325339521, "50NN-basic-PF": 9906.882814865961, "50NN-rnd-PF": 3139.4285054871334, "50NN-RS": 1262.088793672312, "MSENN-ASNN-PF": 7014.7370744005275, "MSENN-basic-PF": 5056.527090142935, "MSENN-rnd-PF": 1647.3007414341107, "MSENN-RS": 1215.7526807539678, "QRNN-ASNN-CEM": 1507.0468987877316, "QRNN-basic-CEM": 2251.0494543796576, "QRNN-rnd-CEM": 5107.595098718629, "50NN-ASNN-CEM": 3017.284542559645, "50NN-basic-CEM": 5765.542052258564, "50NN-rnd-CEM": 8688.68795515756, "MSENN-ASNN-CEM": 3854.8545400390653, "MSENN-basic-CEM": 5918.650559534524, "MSENN-rnd-CEM": 5127.118570982663, "A2C": 279.92105727763067, "PPO": 6138.629003740566, "DDPG": 0.5345029297416328, "SAC": 168.75274663059346, "TD3": 0.704521178387886, "TQC": 70.67970718434613, "MPPI": 517.6917141491508, "GP-MPC": 7.770596948455712, "CEM": 929.0860691165173, "iCEM": 4195.5837399768225}