{"QRNN-ASGNN-PF": 936.3318408015648, "QRNN-basic-PF": 1740.1400992083238, "QRNN-random-PF": 1144.033711206866, "QRNN-RS": 392.20480279058313, "50NN-ASGNN-PF": 1223.395940570951, "50NN-basic-PF": 540.2327542473301, "50NN-random-PF": 1412.9699169318776, "50NN-RS": 624.3967908676642, "MSENN-ASGNN-PF": 2130.5374259243586, "MSENN-basic-PF": 1325.3424013151166, "MSENN-random-PF": 1095.722251529769, "MSENN-RS": 946.9843824449136, "QRNN-ASGNN-CEM": 289.9629640502322, "QRNN-basic-CEM": 298.6909107524967, "QRNN-random-CEM": 930.4651188958691, "50NN-ASGNN-CEM": 504.9079840294193, "50NN-basic-CEM": 268.89694660822653, "50NN-random-CEM": 1246.085906968288, "MSENN-ASGNN-CEM": 279.08646221091703, "MSENN-basic-CEM": 0.7240470642279307, "MSENN-random-CEM": 0.7536642974942065, "A2C": 504.1070646048049, "PPO": 147.16650323872784, "DDPG": 69.33654448636385, "SAC": 83.07820409089247, "TD3": 75.41532762353161, "TQC": 57.713307192641075, "MPPI": 402.9745579888719, "GP-MPC": 266.9556867140544}