{"QRNN-ASNN-PF": -3380.6371592452265, "QRNN-basic-PF": -7735.498226070221, "QRNN-rnd-PF": -7878.763015859821, "QRNN-RS": -9420.253919836878, "50NN-ASNN-PF": -3914.488582476208, "50NN-basic-PF": -5183.742544134214, "50NN-rnd-PF": -8898.675193245354, "50NN-RS": -9704.820745466157, "MSENN-ASNN-PF": -4639.381071115612, "MSENN-basic-PF": -8340.40145490864, "MSENN-rnd-PF": -8996.693850130348, "MSENN-RS": -10216.218865123812, "QRNN-ASNN-CEM": -2274.448814260959, "QRNN-basic-CEM": -3075.657081187339, "QRNN-rnd-CEM": -4367.640831158767, "50NN-ASNN-CEM": -2574.2924270437998, "50NN-basic-CEM": -3343.2889644631287, "50NN-rnd-CEM": -4978.755857071129, "MSENN-ASNN-CEM": -2943.768197660426, "MSENN-basic-CEM": -3629.8834764501967, "MSENN-rnd-CEM": -5253.120350469421, "A2C": -19462.143088499997, "PPO": -17268.747651, "DDPG": -2859.3586261666665, "SAC": -5123.347773833333, "TD3": -3267.5605221666665, "TQC": -5065.868223333334, "MPPI": -4975.918466610481, "GP-MPC": -12552.07726538249, "CEM": -15571.059876604739, "iCEM": -146209.99694554877, "PETS-CEM": -3715.0124114992736}