{"QRNN-ASNN-PF": -3768.781599242431, "QRNN-basic-PF": -7735.498226070221, "QRNN-rnd-PF": -7878.763015859821, "QRNN-RS": -9420.253919836878, "50NN-ASNN-PF": -4209.753451922188, "50NN-basic-PF": -5183.742544134214, "50NN-rnd-PF": -8898.675193245354, "50NN-RS": -9704.820745466157, "MSENN-ASNN-PF": -5008.591517912054, "MSENN-basic-PF": -8340.40145490864, "MSENN-rnd-PF": -8996.693850130348, "MSENN-RS": -10216.218865123812, "QRNN-ASNN-CEM": -1926.0273835870596, "QRNN-basic-CEM": -3075.657081187339, "QRNN-rnd-CEM": -4367.640831158767, "50NN-ASNN-CEM": -2228.833725232924, "50NN-basic-CEM": -3343.2889644631287, "50NN-rnd-CEM": -4978.755857071129, "MSENN-ASNN-CEM": -2819.563082800914, "MSENN-basic-CEM": -3629.8834764501967, "MSENN-rnd-CEM": -5253.120350469421, "A2C": -20708.680821833335, "PPO": -17156.6530305, "DDPG": -2722.2878155, "SAC": -5031.525116833333, "TD3": -3133.2187608333334, "TQC": -5096.243394666667, "MPPI": -3871.1006851343714, "GP-MPC": -12552.07726538249, "CEM": -15022.856975994358, "iCEM": -25154.35753537597, "PETS-CEM": -3715.0124114992736}