{"QRNN-ASNN-PF": 1095.1075084033553, "QRNN-basic-PF": 1740.1400992083238, "QRNN-rnd-PF": 1144.033711206866, "QRNN-RS": 392.20480279058313, "50NN-ASNN-PF": 1935.3910479233564, "50NN-basic-PF": 540.2327542473301, "50NN-rnd-PF": 1412.9699169318776, "50NN-RS": 624.3967908676642, "MSENN-ASNN-PF": 2236.413878173553, "MSENN-basic-PF": 1325.3424013151166, "MSENN-rnd-PF": 1095.722251529769, "MSENN-RS": 946.9843824449136, "QRNN-ASNN-CEM": 336.2817739117809, "QRNN-basic-CEM": 195.50058931520766, "QRNN-rnd-CEM": 934.6779588390991, "50NN-ASNN-CEM": 497.7656364741125, "50NN-basic-CEM": 268.89694660822653, "50NN-rnd-CEM": 1246.085906968288, "MSENN-ASNN-CEM": 241.3126094561172, "MSENN-basic-CEM": 293.7574121484344, "MSENN-rnd-CEM": 1120.9638591282921, "A2C": 2890.8022768678647, "PPO": 106.14267807789074, "DDPG": 91.03037798537973, "SAC": 61.384727074996334, "TD3": 43.76847529076319, "TQC": 5.071383825106905, "MPPI": 571.3962211088766, "GP-MPC": 163.47003987787514, "CEM": 684.6097954318935, "iCEM": 497.5096609317245, "PETS-CEM": 1150.7424429393586}