{"QRNN-ASNN-PF": 7955.974081571011, "QRNN-basic-PF": 5255.855492644488, "QRNN-rnd-PF": 2051.9050727876665, "QRNN-RS": 2708.83234583095, "50NN-ASNN-PF": 9226.508907883017, "50NN-basic-PF": 4779.900815426672, "50NN-rnd-PF": 8619.082017534623, "50NN-RS": 3892.220630138169, "MSENN-ASNN-PF": 5931.610759151237, "MSENN-basic-PF": 13082.6417701136, "MSENN-rnd-PF": 2413.3772317763714, "MSENN-RS": 2889.1772868599674, "QRNN-ASNN-CEM": 10032.360572478085, "QRNN-basic-CEM": 9116.496375788545, "QRNN-rnd-CEM": 2580.2581721454803, "50NN-ASNN-CEM": 10619.070687836911, "50NN-basic-CEM": 87569.26431292474, "50NN-rnd-CEM": 3055.4881149643925, "MSENN-ASNN-CEM": 11994.51557169982, "MSENN-basic-CEM": 11508.911754920595, "MSENN-rnd-CEM": 4816.931690663733, "A2C": 22318.989606316896, "PPO": 7208.554141672354, "DDPG": 2220.1962430147414, "SAC": 2283.176080014298, "TD3": 1105.145370358957, "TQC": 1320.6328335123549, "MPPI": 60484.200263546794, "GP-MPC": 13466.391336137282}