{"QRNN-ASNN-PF": -50566.890690331194, "QRNN-basic-PF": -62423.37654462804, "QRNN-rnd-PF": -48334.659356172815, "QRNN-RS": -67757.60964629163, "50NN-ASNN-PF": -68423.96857931592, "50NN-basic-PF": -444781.2621191532, "50NN-rnd-PF": -54983.228779074045, "50NN-RS": -78347.40295715639, "MSENN-ASNN-PF": -65285.515206031145, "MSENN-basic-PF": -75304.64882966381, "MSENN-rnd-PF": -49745.168145993455, "MSENN-RS": -73355.0358720127, "QRNN-ASNN-CEM": -534814.8640564997, "QRNN-basic-CEM": -535268.5643888818, "QRNN-rnd-CEM": -47382.41367748069, "50NN-ASNN-CEM": -532741.8755254197, "50NN-basic-CEM": -374486.0650187358, "50NN-rnd-CEM": -55279.42628390979, "MSENN-ASNN-CEM": -523445.2087919771, "MSENN-basic-CEM": -521272.8572215845, "MSENN-rnd-CEM": -47665.19600989739, "A2C": -460152.50510566664, "PPO": -157429.3362878333, "DDPG": -59428.56212733334, "SAC": -59894.24147466667, "TD3": -75016.9224875, "TQC": -59958.39570716667, "MPPI": -43317.12229583359, "CEM": -54577.260452442686, "iCEM": -36832.38747813112, "GP-MPC": -138375.37872882708, "PETS-CEM": -339150.2850036596}