{"QRNN-ASNN-PF": 1893.4631701980836, "QRNN-basic-PF": 5255.855492644488, "QRNN-rnd-PF": 2051.9050727876665, "QRNN-RS": 2708.83234583095, "50NN-ASNN-PF": 4940.631368996472, "50NN-basic-PF": 4779.900815426672, "50NN-rnd-PF": 8619.082017534623, "50NN-RS": 3892.220630138169, "MSENN-ASNN-PF": 1875.9019706587246, "MSENN-basic-PF": 13082.6417701136, "MSENN-rnd-PF": 2413.3772317763714, "MSENN-RS": 2889.1772868599674, "QRNN-ASNN-CEM": 9114.032462473288, "QRNN-basic-CEM": 9116.496375788545, "QRNN-rnd-CEM": 2580.2581721454803, "50NN-ASNN-CEM": 10011.773252066385, "50NN-basic-CEM": 87569.26431292474, "50NN-rnd-CEM": 3055.4881149643925, "MSENN-ASNN-CEM": 12021.270957847382, "MSENN-basic-CEM": 11508.911754920595, "MSENN-rnd-CEM": 4816.931690663733, "A2C": 7622.303892510216, "PPO": 3942.4373696801044, "DDPG": 1276.2021014542404, "SAC": 2428.5900887336093, "TD3": 1414.301786586054, "TQC": 1136.5893766681038, "MPPI": 1452.9336003144367, "CEM": 12386.339488609425, "iCEM": 940.6376228324167, "GP-MPC": 9584.97799280559, "PETS-CEM": 4772.69046705551}