{"QRNN-ASNN-PF": 7541.342821776209, "QRNN-basic-PF": 4248.210727928747, "QRNN-rnd-PF": 9457.548707543387, "QRNN-RS": 3684.210506411863, "50NN-ASNN-PF": 8317.878669201395, "50NN-basic-PF": 6641.031261951883, "50NN-rnd-PF": 5455.886673024733, "50NN-RS": 2708.1043903234026, "MSENN-ASNN-PF": 22454.371427902905, "MSENN-rnd-PF": 29926.79899354423, "MSENN-RS": 4711.043355775873, "QRNN-ASNN-CEM": 714.8827798239995, "QRNN-basic-CEM": 1079.7595411324999, "QRNN-rnd-CEM": 6636.043705066714, "50NN-ASNN-CEM": 1051.1106295512168, "50NN-basic-CEM": 1100.4123721991175, "50NN-rnd-CEM": 15829.314109166786, "MSENN-ASNN-CEM": 524.3658074283638, "MSENN-basic-CEM": 818.4204637932482, "MSENN-rnd-CEM": 17415.031899355094, "A2C": 2161.189641532336, "PPO": 51.46573833359648, "DDPG": 27144.009148736055, "SAC": 28641.40588475984, "TD3": 41793.95327144294, "TQC": 8655.008264326243, "MPPI": 1245.0839329137614, "CEM": 1108.1630696286936, "iCEM": 629.7253369525479, "GP-MPC": 41.964932450267995}