{"QRNN-ASNN-PF": 1479.2638559619968, "QRNN-basic-PF": 641.4395268976388, "QRNN-rnd-PF": 448.0657193859946, "QRNN-RS": 416.1994714076413, "50NN-ASNN-PF": 205.77819774375192, "50NN-basic-PF": 0.0, "50NN-rnd-PF": 356.3381664779804, "50NN-RS": 312.64783169992825, "MSENN-ASNN-PF": 187.01218023314834, "MSENN-basic-PF": 28.39013913315678, "MSENN-rnd-PF": 7.0710678118654755, "MSENN-RS": 72.99771685927352, "QRNN-ASNN-CEM": 217.70507573320378, "QRNN-basic-CEM": 191.35365745713415, "QRNN-rnd-CEM": 352.2899689491914, "50NN-ASNN-CEM": 134.09697983176207, "50NN-basic-CEM": 0.0, "50NN-rnd-CEM": 250.0079998720041, "MSENN-ASNN-CEM": 0.0, "MSENN-basic-CEM": 22.759613353482084, "MSENN-rnd-CEM": 125.39360253041443, "A2C": 77.87739652099887, "PPO": 125.31116825282929, "DDPG": 186.533881343012, "SAC": 59.75505557412416, "TD3": 181.4484928445413, "TQC": 67.8937077758724, "MPPI": 0.0, "CEM": 23.098821518760552, "iCEM": 0.0}