{"QRNN-ASNN-PF": -13671.666666666666, "QRNN-basic-PF": -14243.0, "QRNN-rnd-PF": -14279.333333333334, "QRNN-RS": -14619.0, "50NN-ASNN-PF": -14662.0, "50NN-basic-PF": -14950.0, "50NN-rnd-PF": -14500.333333333334, "50NN-RS": -14651.0, "MSENN-ASNN-PF": -14810.333333333334, "MSENN-basic-PF": -14910.0, "MSENN-rnd-PF": -14945.0, "MSENN-RS": -14864.0, "QRNN-ASNN-CEM": -14666.5, "QRNN-basic-CEM": -14671.333333333334, "QRNN-rnd-CEM": -14458.333333333334, "50NN-ASNN-CEM": -14779.0, "50NN-basic-CEM": -14950.0, "50NN-rnd-CEM": -14654.0, "MSENN-ASNN-CEM": -14950.0, "MSENN-basic-CEM": -14927.0, "MSENN-rnd-CEM": -14861.333333333334, "A2C": -13410.333333333334, "PPO": -13659.666666666666, "DDPG": -13863.666666666666, "SAC": -13796.0, "TD3": -13805.333333333334, "TQC": -13787.333333333334, "MPPI": -14950.0, "CEM": -14926.333333333334, "iCEM": -14950.0}