{"QRNN-ASNN-PF": -1069.1666666666667, "QRNN-basic-PF": -956.3333333333334, "QRNN-rnd-PF": -1046.8333333333333, "QRNN-RS": -2067.3333333333335, "50NN-ASNN-PF": -963.6666666666666, "50NN-basic-PF": -11728.833333333334, "50NN-rnd-PF": -1055.5, "50NN-RS": -2271.3333333333335, "MSENN-ASNN-PF": -1080.0, "MSENN-basic-PF": -1173.6666666666667, "MSENN-rnd-PF": -1221.6666666666667, "MSENN-RS": -2358.0, "QRNN-ASNN-CEM": -2195.0, "QRNN-basic-CEM": -2670.5, "QRNN-rnd-CEM": -1653.1666666666667, "50NN-ASNN-CEM": -2340.1666666666665, "50NN-basic-CEM": -14950.0, "50NN-rnd-CEM": -1596.1666666666667, "MSENN-ASNN-CEM": -2834.8333333333335, "MSENN-basic-CEM": -3170.1666666666665, "MSENN-rnd-CEM": -1794.0, "A2C": -13261.333333333334, "PPO": -13071.5, "DDPG": -13637.666666666666, "SAC": -13482.333333333334, "TD3": -13911.0, "TQC": -13213.0, "MPPI": -8854.666666666666, "GP-MPC": -13971.333333333334, "PETS-CEM": -10280.333333333334}