{"QRNN-ASGNN-PF": 330.29717259192853, "QRNN-basic-PF": 299.72663471162446, "QRNN-random-PF": 298.13233452426607, "QRNN-RS": 464.31855683595313, "50NN-ASGNN-PF": 354.24693208112456, "50NN-basic-PF": 1599.370935364554, "50NN-random-PF": 296.6133847283362, "50NN-RS": 450.8514783779194, "MSENN-ASGNN-PF": 369.63788586489164, "MSENN-basic-PF": 417.0180518341569, "MSENN-random-PF": 326.9608369344697, "MSENN-RS": 445.2821203087618, "QRNN-ASGNN-CEM": 540.2686060346897, "QRNN-basic-CEM": 928.3996984058106, "QRNN-random-CEM": 377.95553824344057, "QRNN-EvoCEM": 1864.105326065742, "50NN-ASGNN-CEM": 858.9317331559139, "50NN-basic-CEM": 0.0, "50NN-random-CEM": 376.1086574677885, "50NN-EvoCEM": 2246.0237581606793, "MSENN-ASGNN-CEM": 1185.99074851179, "MSENN-basic-CEM": 1246.2594923298366, "MSENN-random-CEM": 405.2556806099905, "MSENN-EvoCEM": 1614.528276480643, "A2C": 133.1673967439311, "PPO": 252.71624403666655, "DDPG": 228.0501894077023, "SAC": 156.51269029130583, "TD3": 13.4412301024373, "TQC": 156.61630396183747, "MPPI": 2839.9080188547578, "GP-MPC": 356.83921060082815, "PETS-CEM": 6603.905931761563}