{"QRNN-ASNN-PF": -931.3333333333334, "QRNN-basic-PF": -956.3333333333334, "QRNN-rnd-PF": -1045.0, "QRNN-RS": -2067.3333333333335, "50NN-ASNN-PF": -900.1666666666666, "50NN-basic-PF": -11728.833333333334, "50NN-rnd-PF": -1055.5, "50NN-RS": -2067.3333333333335, "MSENN-ASNN-PF": -1170.3333333333333, "MSENN-basic-PF": -1173.6666666666667, "MSENN-rnd-PF": -1221.6666666666667, "MSENN-RS": -2067.3333333333335, "QRNN-ASNN-CEM": -2178.6666666666665, "QRNN-basic-CEM": -2670.5, "QRNN-rnd-CEM": -1653.1666666666667, "50NN-ASNN-CEM": -2018.3333333333333, "50NN-basic-CEM": -14950.0, "50NN-rnd-CEM": -1596.1666666666667, "MSENN-ASNN-CEM": -2379.1666666666665, "MSENN-basic-CEM": -3170.1666666666665, "MSENN-rnd-CEM": -1794.0, "A2C": -13189.0, "PPO": -13127.0, "DDPG": -13856.5, "SAC": -13240.0, "TD3": -13921.0, "TQC": -13176.666666666666, "MPPI": -8154.166666666667, "CEM": -7290.666666666667, "iCEM": -6900.333333333333, "GP-MPC": -13971.333333333334, "PETS-CEM": -10280.333333333334}