{"QRNN-ASNN-PF": 280.0316450371676, "QRNN-basic-PF": 299.72663471162446, "QRNN-rnd-PF": 418.7176853203122, "QRNN-RS": 464.31855683595313, "50NN-ASNN-PF": 273.58646815139736, "50NN-basic-PF": 1599.370935364554, "50NN-rnd-PF": 296.6133847283362, "50NN-RS": 464.31855683595313, "MSENN-ASNN-PF": 456.82679674272856, "MSENN-basic-PF": 417.0180518341569, "MSENN-rnd-PF": 326.9608369344697, "MSENN-RS": 464.31855683595313, "QRNN-ASNN-CEM": 757.7115032927917, "QRNN-basic-CEM": 928.3996984058106, "QRNN-rnd-CEM": 377.95553824344057, "50NN-ASNN-CEM": 899.0054072263539, "50NN-basic-CEM": 0.0, "50NN-rnd-CEM": 376.1086574677885, "MSENN-ASNN-CEM": 947.126736796906, "MSENN-basic-CEM": 1246.2594923298366, "MSENN-rnd-CEM": 405.2556806099905, "A2C": 112.33283877240291, "PPO": 229.5226931409325, "DDPG": 123.44296928811566, "SAC": 26.166135875720485, "TD3": 185.48494997348615, "TQC": 100.66887414798192, "MPPI": 4243.013715378362, "CEM": 2951.198184165581, "iCEM": 5601.435386478085, "GP-MPC": 356.83921060082815, "PETS-CEM": 6603.905931761563}