{"QRNN-ASNN-PF": 81.78471075326792, "QRNN-basic-PF": 72.11154564802183, "QRNN-rnd-PF": 62.9711664731412, "QRNN-RS": 57.74422038793084, "50NN-ASNN-PF": 83.08047693012863, "50NN-basic-PF": 964.1655649477422, "50NN-rnd-PF": 85.41206169659263, "50NN-RS": 60.937812262249025, "MSENN-ASNN-PF": 58.9354512749834, "MSENN-basic-PF": 258.1185359404044, "MSENN-rnd-PF": 187.74729164532525, "MSENN-RS": 68.37952057909523, "QRNN-ASNN-CEM": 99.42980575066623, "QRNN-basic-CEM": 117.84436725169465, "QRNN-rnd-CEM": 52.07238520475305, "50NN-ASNN-CEM": 89.62523524752764, "50NN-basic-CEM": 1614.0203884875887, "50NN-rnd-CEM": 55.77235014137489, "MSENN-ASNN-CEM": 134.54720069175033, "MSENN-basic-CEM": 149.99335707536648, "MSENN-rnd-CEM": 63.72820304676787, "A2C": 197.76725451685854, "PPO": 115.24420775780854, "DDPG": 305.18858737186486, "SAC": 59.765436818759305, "TD3": 125.48621876144558, "TQC": 34.49049727230639, "MPPI": 310.15545484980305, "CEM": 545.0709576775066, "iCEM": 189.5995037302332, "GP-MPC": 263.2889483599079, "PETS-CEM": 1496.7105686901118}