{"QRNN-ASNN-PF": -149.70783082659668, "QRNN-basic-PF": -141.42317792936228, "QRNN-rnd-PF": -144.87982625390092, "QRNN-RS": -254.05583756432557, "50NN-ASNN-PF": -141.2340352795242, "50NN-basic-PF": -9736.578531788042, "50NN-rnd-PF": -158.72951469271598, "50NN-RS": -240.36256162946424, "MSENN-ASNN-PF": -131.01668420170122, "MSENN-basic-PF": -281.6380229840676, "MSENN-rnd-PF": -248.8749569132924, "MSENN-RS": -267.6509189043815, "QRNN-ASNN-CEM": -269.83064228575677, "QRNN-basic-CEM": -286.7303383819138, "QRNN-rnd-CEM": -188.38894051002958, "50NN-ASNN-CEM": -215.53618829650804, "50NN-basic-CEM": -8985.516379430579, "50NN-rnd-CEM": -187.9130108638977, "MSENN-ASNN-CEM": -279.53265867816907, "MSENN-basic-CEM": -391.9659246482576, "MSENN-rnd-CEM": -207.01530454090485, "A2C": -3338.6642165, "PPO": -3191.1167458333334, "DDPG": -2870.6620868333334, "SAC": -2927.819774, "TD3": -2783.644112833333, "TQC": -2710.7394338333334, "MPPI": -475.91126309583586, "CEM": -907.9825731481736, "iCEM": -838.7536841200199, "GP-MPC": -6678.019070680874, "PETS-CEM": -2194.124100630734}