{"QRNN-ASGNN-PF": 976.1452533079057, "QRNN-basic-PF": 1241.4830736752806, "QRNN-random-PF": 1423.2401999194187, "QRNN-RS": 798.0580945158204, "50NN-ASGNN-PF": 33.07147142511537, "50NN-basic-PF": 0.0, "50NN-random-PF": 1182.2831255198093, "50NN-RS": 760.0931229497841, "MSENN-ASGNN-PF": 1236.9335740720544, "MSENN-basic-PF": 2093.7761872325855, "MSENN-random-PF": 1052.7315527817252, "MSENN-RS": 890.6037590059653, "QRNN-ASGNN-CEM": 1440.481188893335, "QRNN-basic-CEM": 1256.6783155958763, "QRNN-random-CEM": 573.1650431303942, "50NN-ASGNN-CEM": 514.5160077414718, "50NN-basic-CEM": 0.0, "50NN-random-CEM": 48.23610911155897, "MSENN-ASGNN-CEM": 572.6523572135386, "MSENN-basic-CEM": 1303.2401501215686, "MSENN-random-CEM": 180.72277726457787, "DQN": 1451.680195114919, "IV-DQN": 327.55287953075435, "QR-DQN": 1510.4304206270328, "A2C": 6514.467642614142, "PPO": 6996.6295020451735}