{"QRNN-ASGNN-PF": 19080.833333333332, "QRNN-basic-PF": 19243.666666666668, "QRNN-random-PF": 19424.0, "QRNN-RS": 19418.666666666668, "50NN-ASGNN-PF": 19408.333333333332, "50NN-basic-PF": 858.0, "50NN-random-PF": 18773.666666666668, "50NN-RS": 19245.833333333332, "MSENN-ASGNN-PF": 19017.833333333332, "MSENN-basic-PF": 19366.0, "MSENN-random-PF": 19181.166666666668, "MSENN-RS": 19288.833333333332, "QRNN-ASGNN-CEM": 18349.333333333332, "QRNN-basic-CEM": 19053.5, "QRNN-random-CEM": 19197.0, "50NN-ASGNN-CEM": 1023.0, "50NN-basic-CEM": 1058.6666666666667, "50NN-random-CEM": 19591.666666666668, "MSENN-ASGNN-CEM": 19425.166666666668, "MSENN-basic-CEM": 19203.333333333332, "MSENN-random-CEM": 19061.666666666668, "DQN": 1404.5, "IV-DQN": 1544.3333333333333, "QR-DQN": 17289.833333333332, "A2C": 4979.0, "PPO": 2161.8333333333335}