{"QRNN-ASGNN-PF": 1017.0552536066509, "QRNN-basic-PF": 786.7741452002318, "QRNN-random-PF": 531.7442994522837, "QRNN-RS": 539.2867717849402, "50NN-ASGNN-PF": 553.9003119294622, "50NN-basic-PF": 46.66904755831214, "50NN-random-PF": 1451.4545195155865, "50NN-RS": 783.7100158150903, "MSENN-ASGNN-PF": 1106.1507080361557, "MSENN-basic-PF": 613.7686860699232, "MSENN-random-PF": 875.1624928485503, "MSENN-RS": 701.7925065304005, "QRNN-ASGNN-CEM": 2051.55247448257, "QRNN-basic-CEM": 1055.7104243115155, "QRNN-random-CEM": 852.7707781109763, "50NN-ASGNN-CEM": 46.66904755831214, "50NN-basic-CEM": 50.16195991209098, "50NN-random-CEM": 294.6278254943948, "MSENN-ASGNN-CEM": 497.92173637586416, "MSENN-basic-CEM": 800.0269092696543, "MSENN-random-CEM": 1044.1610135521353, "DQN": 61.16098974564315, "IV-DQN": 69.45782093392283, "QR-DQN": 1749.7278042281, "A2C": 2158.763689398788, "PPO": 101.8105539170124}