{"QRNN-ASNN-PF": -48587.717450798635, "QRNN-basic-PF": -51911.7885274441, "QRNN-rnd-PF": -51796.415465646656, "QRNN-RS": -84800.03128151593, "50NN-ASNN-PF": -45510.70906464136, "50NN-basic-PF": -237153.222550323, "50NN-rnd-PF": -50685.62695018827, "50NN-RS": -79663.59569125906, "MSENN-ASNN-PF": -68139.00627344791, "MSENN-basic-PF": -59295.07910800019, "MSENN-rnd-PF": -59780.33372446269, "MSENN-RS": -121314.9358091649, "QRNN-ASNN-CEM": -42705.72845563492, "QRNN-basic-CEM": -46083.0742915457, "QRNN-rnd-CEM": -39717.67593023705, "50NN-ASNN-CEM": -44834.805846946045, "50NN-basic-CEM": -107406.95866208909, "50NN-rnd-CEM": -46379.53960986007, "MSENN-ASNN-CEM": -59763.88150753224, "MSENN-basic-CEM": -59323.060265813314, "MSENN-rnd-CEM": -57459.29777739977, "DQN": 13197.472939039779, "IV-DQN": 11476.937544859902, "QR-DQN": 24594.91853509889, "A2C": -15338.927024999999, "PPO": -42493.162044666664}