{"QRNN-ASNN-PF": 17147.57157229227, "QRNN-basic-PF": 22503.808738465636, "QRNN-rnd-PF": 20282.495633184837, "QRNN-RS": 48710.92700043634, "50NN-ASNN-PF": 13709.109751808957, "50NN-basic-PF": 98016.50535762198, "50NN-rnd-PF": 24348.505501858286, "50NN-RS": 45101.084628013225, "MSENN-ASNN-PF": 30516.766136867467, "MSENN-basic-PF": 25582.970118936853, "MSENN-rnd-PF": 26732.23311829049, "MSENN-RS": 57540.92744329165, "QRNN-ASNN-CEM": 11515.520341483425, "QRNN-basic-CEM": 14078.489246909985, "QRNN-rnd-CEM": 10104.954778482517, "50NN-ASNN-CEM": 11295.70053824999, "50NN-basic-CEM": 28496.87045848827, "50NN-rnd-CEM": 8400.292822003465, "MSENN-ASNN-CEM": 20532.066113383044, "MSENN-basic-CEM": 22940.21807239593, "MSENN-rnd-CEM": 19774.7326263832, "DQN": 12051.692883258342, "IV-DQN": 14468.25236406061, "QR-DQN": 16502.779305751505, "A2C": 6400.9723771545805, "PPO": 5499.644204425407}