{"QRNN-ASNN-PF": 936.3318408015648, "QRNN-basic-PF": 1740.1400992083238, "QRNN-rnd-PF": 1144.033711206866, "QRNN-RS": 392.20480279058313, "50NN-ASNN-PF": 1223.395940570951, "50NN-basic-PF": 540.2327542473301, "50NN-rnd-PF": 1412.9699169318776, "50NN-RS": 624.3967908676642, "MSENN-ASNN-PF": 2130.5374259243586, "MSENN-basic-PF": 1325.3424013151166, "MSENN-rnd-PF": 1095.722251529769, "MSENN-RS": 946.9843824449136, "QRNN-ASNN-CEM": 289.9629640502322, "QRNN-basic-CEM": 195.50058931520766, "QRNN-rnd-CEM": 934.6779588390991, "50NN-ASNN-CEM": 504.9079840294193, "50NN-basic-CEM": 268.89694660822653, "50NN-rnd-CEM": 1246.085906968288, "MSENN-ASNN-CEM": 279.08646221091703, "MSENN-basic-CEM": 293.7574121484344, "MSENN-rnd-CEM": 1120.9638591282921, "A2C": 504.1070646048049, "PPO": 147.16650323872784, "DDPG": 69.33654448636385, "SAC": 83.07820409089247, "TD3": 75.41532762353161, "TQC": 57.713307192641075, "MPPI": 402.9745579888719, "GP-MPC": 266.9556867140544}