{"QRNN-ASGNN-PF": -3380.6371592452265, "QRNN-basic-PF": -7735.498226070221, "QRNN-random-PF": -7878.763015859821, "QRNN-RS": -9420.253919836878, "50NN-ASGNN-PF": -3914.488582476208, "50NN-basic-PF": -5183.742544134214, "50NN-random-PF": -8898.675193245354, "50NN-RS": -9704.820745466157, "MSENN-ASGNN-PF": -4639.381071115612, "MSENN-basic-PF": -8340.40145490864, "MSENN-random-PF": -8996.693850130348, "MSENN-RS": -10216.218865123812, "QRNN-ASGNN-CEM": -2274.448814260959, "QRNN-basic-CEM": -3075.657081187339, "QRNN-random-CEM": -4367.640831158767, "50NN-ASGNN-CEM": -2574.2924270437998, "50NN-basic-CEM": -3343.2889644631287, "50NN-random-CEM": -4978.755857071129, "MSENN-ASGNN-CEM": -2943.768197660426, "MSENN-basic-CEM": -2.4447156844904097, "MSENN-random-CEM": -2.7781882604702433, "A2C": -19462.143088499997, "PPO": -17268.747651, "DDPG": -2859.3586261666665, "SAC": -5123.347773833333, "TD3": -3267.5605221666665, "TQC": -5065.868223333334, "MPPI": -4975.918466610481, "GP-MPC": -12409.485809896667}