{"QRNN-ASGNN-PF": -57228.50826854107, "QRNN-basic-PF": -62423.37654462804, "QRNN-random-PF": -48334.659356172815, "QRNN-RS": -67757.60964629163, "50NN-ASGNN-PF": -73612.34924983566, "50NN-basic-PF": -444781.2621191532, "50NN-random-PF": -54983.228779074045, "50NN-RS": -78347.40295715639, "MSENN-ASGNN-PF": -61372.824071971554, "MSENN-basic-PF": -75304.64882966381, "MSENN-random-PF": -49745.168145993455, "MSENN-RS": -73355.0358720127, "QRNN-ASGNN-CEM": -535735.7687672438, "QRNN-basic-CEM": -535268.5643888818, "QRNN-random-CEM": -47382.41367748069, "50NN-ASGNN-CEM": -532638.8372551404, "50NN-basic-CEM": -374486.0650187358, "50NN-random-CEM": -55279.42628390979, "MSENN-ASGNN-CEM": -528449.7301888854, "MSENN-basic-CEM": -521272.8572215845, "MSENN-random-CEM": -47665.19600989739, "A2C": -451368.8298865, "PPO": -352662.59509316663, "DDPG": -59032.27204233333, "SAC": -62037.704066000006, "TD3": -70801.91182233334, "TQC": -60611.833833833334, "MPPI": -220224.47474412574, "GP-MPC": -136321.1576621382, "iLQR": -107056.79943714356}