{"QRNN-ASGNN-PF": -206.50439494801685, "QRNN-basic-PF": -141.42317792936228, "QRNN-random-PF": -144.87982625390092, "QRNN-RS": -254.05583756432557, "50NN-ASGNN-PF": -117.5015948029856, "50NN-basic-PF": -9736.578531788042, "50NN-random-PF": -158.72951469271598, "50NN-RS": -240.36256162946424, "MSENN-ASGNN-PF": -130.18730020492026, "MSENN-basic-PF": -281.6380229840676, "MSENN-random-PF": -248.8749569132924, "MSENN-RS": -267.6509189043815, "QRNN-ASGNN-CEM": -265.5257594687864, "QRNN-basic-CEM": -286.7303383819138, "QRNN-random-CEM": -188.38894051002958, "QRNN-EvoCEM": -1013.458332487382, "50NN-ASGNN-CEM": -269.7772975470871, "50NN-basic-CEM": -8985.516379430579, "50NN-random-CEM": -187.9130108638977, "50NN-EvoCEM": -977.2092177197337, "MSENN-ASGNN-CEM": -296.81143403922516, "MSENN-basic-CEM": -391.9659246482576, "MSENN-random-CEM": -207.01530454090485, "MSENN-EvoCEM": -1014.0150508312508, "A2C": -3338.6642165, "PPO": -3191.1167458333334, "DDPG": -2870.6620868333334, "SAC": -2927.819774, "TD3": -2783.644112833333, "TQC": -2710.7394338333334, "MPPI": -1098.611385833511, "GP-MPC": -6678.019070680874, "PETS-CEM": -2194.124100630734}