{"QRNN-ASGNN-PF": 165.11804293647393, "QRNN-basic-PF": 72.11154564802183, "QRNN-random-PF": 62.9711664731412, "QRNN-RS": 57.74422038793084, "50NN-ASGNN-PF": 45.687332035466326, "50NN-basic-PF": 964.1655649477422, "50NN-random-PF": 85.41206169659263, "50NN-RS": 60.937812262249025, "MSENN-ASGNN-PF": 46.99138247661083, "MSENN-basic-PF": 258.1185359404044, "MSENN-random-PF": 187.74729164532525, "MSENN-RS": 68.37952057909523, "QRNN-ASGNN-CEM": 98.0088961876293, "QRNN-basic-CEM": 117.84436725169465, "QRNN-random-CEM": 52.07238520475305, "QRNN-EvoCEM": 231.05121787086622, "50NN-ASGNN-CEM": 95.2545866615174, "50NN-basic-CEM": 1614.0203884875887, "50NN-random-CEM": 55.77235014137489, "50NN-EvoCEM": 158.25859633517737, "MSENN-ASGNN-CEM": 125.69537368065902, "MSENN-basic-CEM": 149.99335707536648, "MSENN-random-CEM": 63.72820304676787, "MSENN-EvoCEM": 146.5143265300515, "A2C": 197.76725451685854, "PPO": 115.24420775780854, "DDPG": 305.18858737186486, "SAC": 59.765436818759305, "TD3": 125.48621876144558, "TQC": 34.49049727230639, "MPPI": 256.76367150233233, "GP-MPC": 263.2889483599079, "PETS-CEM": 1496.7105686901118}