#{"t_start": 1750275078.6590285, "env_id": "CartPole-v1"}
r,l,t
16.0,16,0.072459
